Driver,Team,QualiPosition,QualiLap,AvgLapTime (s),RacePosition,TotalRaceTime_s,Seat,Round,Circuit,TrackTemp,Rainfall,DriverMomentum,Quali_form,Race_form,DNF
ALB,Williams,14.0,92.664,99.73946875,13.0,5907.516,Williams_1,1,Sakhir,28.61042944785276,False,0.0,14.0,13.0,0
ALO,Alpine,8.0,91.621,99.36304878,9.0,5875.974,Alpine_1,1,Sakhir,28.61042944785276,False,0.0,8.0,9.0,0
BOT,KickSauber,6.0,91.56,99.171,6.0,5869.703,KickSauber_1,1,Sakhir,28.61042944785276,False,0.0,6.0,6.0,0
GAS,RacingBulls,10.0,91.635,99.43181081,20.0,,RacingBulls_1,1,Sakhir,28.61042944785276,False,0.0,10.0,20.0,1
HAM,Mercedes,5.0,91.048,98.266244444,3.0,5863.259,Mercedes_1,1,Sakhir,28.61042944785276,False,0.0,5.0,3.0,0
HUL,AstonMartin,17.0,92.777,99.605233333,17.0,5917.413,AstonMartin_1,1,Sakhir,28.61042944785276,False,0.0,17.0,17.0,0
LAT,Williams,20.0,93.634,99.783357142,16.0,5915.379,Williams_2,1,Sakhir,28.61042944785276,False,0.0,20.0,16.0,0
LEC,Ferrari,1.0,90.558,97.604208333,1.0,5853.584,Ferrari_1,1,Sakhir,28.61042944785276,False,0.0,1.0,1.0,0
MAG,Haas,7.0,91.461,98.852833333,5.0,5868.338,Haas_1,1,Sakhir,28.61042944785276,False,0.0,7.0,5.0,0
MSC,Haas,12.0,91.998,99.586513513,11.0,5886.157999999999,Haas_2,1,Sakhir,28.61042944785276,False,0.0,12.0,11.0,0
NOR,McLaren,13.0,92.008,99.037347826,15.0,5909.919,McLaren_1,1,Sakhir,28.61042944785276,False,0.0,13.0,15.0,0
OCO,Alpine,11.0,91.782,99.226604651,7.0,5873.007,Alpine_2,1,Sakhir,28.61042944785276,False,0.0,11.0,7.0,0
PER,RedBullRacing,4.0,90.921,98.1555,18.0,,RedBullRacing_2,1,Sakhir,28.61042944785276,False,0.0,4.0,18.0,1
RIC,McLaren,18.0,92.945,99.51965625,14.0,5908.559,McLaren_2,1,Sakhir,28.61042944785276,False,0.0,18.0,14.0,0
RUS,Mercedes,9.0,91.252,98.639021739,4.0,5864.795,Mercedes_2,1,Sakhir,28.61042944785276,False,0.0,9.0,4.0,0
SAI,Ferrari,3.0,90.687,98.079957446,2.0,5859.182,Ferrari_2,1,Sakhir,28.61042944785276,False,0.0,3.0,2.0,0
STR,AstonMartin,19.0,93.032,99.38767647,12.0,5899.456999999999,AstonMartin_2,1,Sakhir,28.61042944785276,False,0.0,19.0,12.0,0
TSU,RacingBulls,16.0,92.75,99.266523809,8.0,5873.97,RacingBulls_2,1,Sakhir,28.61042944785276,False,0.0,16.0,8.0,0
VER,RedBullRacing,2.0,90.681,97.947813953,19.0,,RedBullRacing_1,1,Sakhir,28.61042944785276,False,0.0,2.0,19.0,1
ZHO,KickSauber,15.0,92.493,99.068263157,10.0,5876.648,KickSauber_2,1,Sakhir,28.61042944785276,False,0.0,15.0,10.0,0
ALB,Williams,17.0,90.492,96.002071428,14.0,,Williams_1,2,Jeddah,28.40921052631579,False,-1.0,16.25,13.75,1
ALO,Alpine,7.0,89.147,95.786928571,16.0,3445.92717,Alpine_1,2,Jeddah,28.40921052631579,False,1.0,7.25,14.25,0
BOT,KickSauber,8.0,89.183,95.992178571,15.0,3537.694116,KickSauber_1,2,Jeddah,28.40921052631579,False,0.0,7.5,12.75,0
GAS,RacingBulls,9.0,89.254,95.498567567,8.0,5122.239,RacingBulls_1,2,Jeddah,28.40921052631579,False,10.0,9.25,11.0,0
HAM,Mercedes,16.0,90.343,95.234368421,10.0,5133.241,Mercedes_1,2,Jeddah,28.40921052631579,False,-2.0,13.25,8.25,0
HUL,AstonMartin,18.0,90.543,95.963114285,12.0,5151.035,AstonMartin_1,2,Jeddah,28.40921052631579,False,0.0,17.75,13.25,0
LAT,Williams,19.0,91.817,97.7105,18.0,,Williams_2,2,Jeddah,28.40921052631579,False,-4.0,19.25,17.5,1
LEC,Ferrari,2.0,88.225,93.750666666,2.0,5059.842,Ferrari_1,2,Jeddah,28.40921052631579,False,0.0,1.75,1.75,0
MAG,Haas,10.0,89.546,95.2664,9.0,5123.601,Haas_1,2,Jeddah,28.40921052631579,False,-2.0,9.25,8.0,0
MSC,Haas,14.0,89.92,,,,Haas_2,2,Jeddah,28.40921052631579,False,-1.0,13.5,13.5,0
NOR,McLaren,11.0,89.651,95.441315789,7.0,5115.417,McLaren_1,2,Jeddah,28.40921052631579,False,2.0,11.5,9.0,0
OCO,Alpine,5.0,89.068,95.289,6.0,5115.31,Alpine_2,2,Jeddah,28.40921052631579,False,-4.0,6.5,6.25,0
PER,RedBullRacing,1.0,88.2,93.772268292,4.0,5070.093,RedBullRacing_2,2,Jeddah,28.40921052631579,False,14.0,1.75,7.5,0
RIC,McLaren,12.0,89.773,95.833208333,17.0,,McLaren_2,2,Jeddah,28.40921052631579,False,-4.0,13.5,16.25,1
RUS,Mercedes,6.0,89.104,94.608634146,5.0,5092.025,Mercedes_2,2,Jeddah,28.40921052631579,False,-5.0,6.75,4.75,0
SAI,Ferrari,3.0,88.402,93.832682926,3.0,5067.389999999999,Ferrari_2,2,Jeddah,28.40921052631579,False,-1.0,3.0,2.75,0
STR,AstonMartin,15.0,90.256,96.132064516,13.0,4972.708699,AstonMartin_2,2,Jeddah,28.40921052631579,False,-7.0,16.0,12.75,0
TSU,RacingBulls,20.0,,,,,RacingBulls_2,2,Jeddah,28.40921052631579,False,-8.0,19.0,19.0,1
VER,RedBullRacing,4.0,88.461,93.685878048,1.0,5059.293,RedBullRacing_1,2,Jeddah,28.40921052631579,False,17.0,3.5,5.5,0
ZHO,KickSauber,13.0,89.819,95.660555555,11.0,5141.508,KickSauber_2,2,Jeddah,28.40921052631579,False,-5.0,13.5,10.75,0
ALB,Williams,16.0,80.135,84.095088235,10.0,5345.929999999999,Williams_1,3,Melbourne,37.40833333333334,False,-2.0,15.833333333333332,11.166666666666668,0
ALO,Alpine,10.0,78.815,84.390942857,17.0,5231.688,Alpine_1,3,Melbourne,37.40833333333334,False,5.0,9.166666666666668,15.5,0
BOT,KickSauber,12.0,79.251,84.074916666,8.0,5334.987,KickSauber_1,3,Melbourne,37.40833333333334,False,3.5,10.333333333333332,8.833333333333332,0
GAS,RacingBulls,11.0,79.226,84.431631578,9.0,5342.769,RacingBulls_1,3,Melbourne,37.40833333333334,False,4.5,10.5,10.666666666666668,0
HAM,Mercedes,5.0,78.825,83.414045454,4.0,5295.090999999999,Mercedes_1,3,Melbourne,37.40833333333334,False,-4.0,6.833333333333333,4.833333333333334,0
LAT,Williams,19.0,81.372,84.736647058,16.0,5277.030987,Williams_2,3,Melbourne,37.40833333333334,False,-2.5,19.166666666666664,16.333333333333336,0
LEC,Ferrari,1.0,77.868,82.594543478,1.0,5266.548,Ferrari_1,3,Melbourne,37.40833333333334,False,0.0,1.1666666666666663,1.1666666666666663,0
MAG,Haas,17.0,80.254,84.609692307,14.0,5208.000396,Haas_1,3,Melbourne,37.40833333333334,False,-1.5,14.166666666666668,11.666666666666668,0
MSC,Haas,15.0,80.104,84.382285714,13.0,5209.964844,Haas_2,3,Melbourne,37.40833333333334,False,-1.0,14.333333333333332,12.5,0
NOR,McLaren,4.0,78.703,84.026738095,5.0,5319.851,McLaren_1,3,Melbourne,37.40833333333334,False,-1.0,6.666666666666667,7.0,0
OCO,Alpine,8.0,79.061,84.12,7.0,5328.231,Alpine_2,3,Melbourne,37.40833333333334,False,-1.5,8.0,6.833333333333334,0
PER,RedBullRacing,3.0,78.24,83.238727272,2.0,5287.072,RedBullRacing_2,3,Melbourne,37.40833333333334,False,8.5,2.833333333333333,5.0,0
RIC,McLaren,7.0,79.032,83.985414634,6.0,5320.285,McLaren_2,3,Melbourne,37.40833333333334,False,0.5,9.666666666666668,9.166666666666668,0
RUS,Mercedes,6.0,78.933,83.503717391,3.0,5292.141,Mercedes_2,3,Melbourne,37.40833333333334,False,-3.0,6.5,3.5,0
SAI,Ferrari,9.0,78.469,,,99.028,Ferrari_2,3,Melbourne,37.40833333333334,False,-0.5,7.0,7.0,0
STR,AstonMartin,20.0,,84.633361111,12.0,5355.146,AstonMartin_1,3,Melbourne,37.40833333333334,False,-4.5,19.0,12.166666666666668,0
TSU,RacingBulls,13.0,79.424,84.638242424,15.0,5213.995599,RacingBulls_2,3,Melbourne,37.40833333333334,False,-8.0,14.666666666666666,13.25,0
VER,RedBullRacing,2.0,78.154,83.583,18.0,,RedBullRacing_1,3,Melbourne,37.40833333333334,False,7.0,2.333333333333333,15.333333333333332,1
VET,AstonMartin,18.0,81.149,85.441571428,19.0,,AstonMartin_2,3,Melbourne,37.40833333333334,False,0.0,18.0,19.0,1
ZHO,KickSauber,14.0,79.91,84.290424242,11.0,5348.243,KickSauber_2,3,Melbourne,37.40833333333334,False,-3.5,14.0,10.833333333333332,0
ALB,Williams,20.0,,82.321289473,11.0,5480.245038,Williams_1,4,Imola,17.41898734177215,False,-3.333333333333333,18.375,11.5,0
ALO,Alpine,5.0,79.595,,,,Alpine_1,4,Imola,17.41898734177215,False,5.666666666666667,6.25,6.25,1
BOT,KickSauber,8.0,80.192,81.444439024,5.0,5571.167,KickSauber_1,4,Imola,17.41898734177215,False,1.0,8.25,6.75,0
GAS,RacingBulls,17.0,80.732,82.368948717,12.0,5480.118992,RacingBulls_1,4,Imola,17.41898734177215,False,2.333333333333333,14.375,12.125,0
HAM,Mercedes,13.0,80.47,82.367948717,13.0,5543.265,Mercedes_1,4,Imola,17.41898734177215,False,-3.0,11.375,10.25,0
LAT,Williams,18.0,81.971,82.114166666,16.0,5491.846106,Williams_2,4,Imola,17.41898734177215,False,-2.6666666666666665,18.5,16.25,0
LEC,Ferrari,2.0,78.796,80.61454054,6.0,5584.058,Ferrari_1,4,Imola,17.41898734177215,False,0.0,1.75,4.25,0
MAG,Haas,4.0,79.902,81.903473684,9.0,5603.246,Haas_1,4,Imola,17.41898734177215,False,-2.0,6.75,9.125,0
MSC,Haas,12.0,80.422,81.473058823,17.0,5510.34548,Haas_2,4,Imola,17.41898734177215,False,-1.5,12.625,15.333333333333332,0
NOR,McLaren,3.0,79.294,81.726095238,3.0,5562.82,McLaren_1,4,Imola,17.41898734177215,False,-0.3333333333333333,5.375,5.25,0
OCO,Alpine,19.0,82.338,82.294921052,14.0,5540.340956,Alpine_2,4,Imola,17.41898734177215,False,-1.3333333333333333,14.875,11.25,0
PER,RedBullRacing,7.0,79.296,80.781179487,2.0,5544.513,RedBullRacing_2,4,Imola,17.41898734177215,False,5.333333333333333,5.375,4.25,0
RIC,McLaren,6.0,79.98,82.385,18.0,5529.594992,McLaren_2,4,Imola,17.41898734177215,False,0.0,8.375,15.875,0
RUS,Mercedes,11.0,80.383,81.767571428,4.0,5570.492,Mercedes_2,4,Imola,17.41898734177215,False,-3.0,9.5,4.0,0
SAI,Ferrari,10.0,78.99,,,,Ferrari_2,4,Imola,17.41898734177215,False,-0.5,8.125,8.125,1
STR,AstonMartin,15.0,80.342,82.231710526,10.0,5537.27797,AstonMartin_1,4,Imola,17.41898734177215,False,-5.666666666666667,16.125,10.875,0
TSU,RacingBulls,16.0,80.474,81.534275,7.0,5589.096,RacingBulls_2,4,Imola,17.41898734177215,False,-3.0,16.125,8.5,0
VER,RedBullRacing,1.0,78.793,80.66935,1.0,5527.986,RedBullRacing_1,4,Imola,17.41898734177215,False,10.0,1.625,5.375,0
VET,AstonMartin,9.0,79.957,81.961487179,8.0,5598.878,AstonMartin_2,4,Imola,17.41898734177215,False,1.0,11.25,10.75,0
ZHO,KickSauber,14.0,79.73,82.064864864,15.0,5551.363998,KickSauber_2,4,Imola,17.41898734177215,False,-3.333333333333333,14.0,13.375,0
ALB,Williams,18.0,91.266,95.098133333,9.0,5696.623,Williams_1,5,Miami,42.81975308641975,True,-6.0,17.5,10.2,0
ALO,Alpine,11.0,90.16,94.974404255,11.0,5701.386,Alpine_1,5,Miami,42.81975308641975,True,8.0,9.6,12.125,0
BOT,KickSauber,5.0,89.475,94.535468085,7.0,5689.331,KickSauber_1,5,Miami,42.81975308641975,True,0.0,6.4,7.6,0
GAS,RacingBulls,7.0,89.69,95.334657142,18.0,,RacingBulls_1,5,Miami,42.81975308641975,True,-2.6666666666666665,8.9,15.7,1
HAM,Mercedes,6.0,89.625,94.450957446,6.0,5685.626,Mercedes_1,5,Miami,42.81975308641975,True,-2.333333333333333,7.5,6.6,0
LAT,Williams,19.0,91.325,96.022785714,14.0,5714.194,Williams_2,5,Miami,42.81975308641975,True,-2.0,19.0,15.0,0
LEC,Ferrari,1.0,88.796,93.425877551,2.0,5668.044,Ferrari_1,5,Miami,42.81975308641975,True,1.3333333333333333,1.2,2.2,0
MAG,Haas,16.0,90.975,95.224666666,16.0,5555.056415999999,Haas_1,5,Miami,42.81975308641975,True,0.3333333333333333,13.4,13.3,0
MSC,Haas,15.0,90.423,95.095444444,15.0,5737.563,Haas_2,5,Miami,42.81975308641975,True,1.5,14.3,14.5,0
NOR,McLaren,8.0,89.634,95.327972222,19.0,,McLaren_1,5,Miami,42.81975308641975,True,-1.0,7.9,14.4,1
OCO,Alpine,20.0,,95.254510204,8.0,5692.644,Alpine_2,5,Miami,42.81975308641975,True,-1.6666666666666667,16.3,8.2,0
PER,RedBullRacing,4.0,89.036,93.934021276,4.0,5674.896,RedBullRacing_2,5,Miami,42.81975308641975,True,-1.0,3.9,5.0,0
RIC,McLaren,14.0,90.31,95.225545454,13.0,5705.16,McLaren_2,5,Miami,42.81975308641975,True,5.333333333333333,12.7,13.3,0
RUS,Mercedes,12.0,90.173,94.571104166,5.0,5682.84,Mercedes_2,5,Miami,42.81975308641975,True,-3.6666666666666665,10.4,4.6,0
SAI,Ferrari,2.0,88.986,93.726229166,3.0,5672.487,Ferrari_2,5,Miami,42.81975308641975,True,0.0,3.7,2.833333333333333,0
STR,AstonMartin,10.0,89.996,95.27174468,10.0,5701.284,AstonMartin_1,5,Miami,42.81975308641975,True,-5.0,12.9,10.7,0
TSU,RacingBulls,9.0,89.932,95.322229166,12.0,5704.404,RacingBulls_2,5,Miami,42.81975308641975,True,-3.5,11.9,11.25,0
VER,RedBullRacing,3.0,88.991,93.277979591,1.0,5664.258,RedBullRacing_1,5,Miami,42.81975308641975,True,4.333333333333333,2.7,4.5,0
VET,AstonMartin,13.0,90.214,95.453613636,17.0,,AstonMartin_2,5,Miami,42.81975308641975,True,0.0,13.166666666666668,15.833333333333332,1
ZHO,KickSauber,17.0,91.02,96.457,20.0,613.032996,KickSauber_2,5,Miami,42.81975308641975,True,-1.3333333333333333,15.8,16.7,0
ALB,Williams,19.0,81.645,89.359571428,18.0,5890.802944,Williams_1,6,Barcelona,48.957317073170735,False,-8.0,18.166666666666664,15.25,0
ALO,Alpine,17.0,81.043,88.544442307,9.0,5847.322,Alpine_1,6,Barcelona,48.957317073170735,False,3.5,13.333333333333332,10.7,0
BOT,KickSauber,7.0,79.608,88.565406779,6.0,5900.451,KickSauber_1,6,Barcelona,48.957317073170735,False,-1.6666666666666667,7.333333333333334,6.916666666666666,0
GAS,RacingBulls,14.0,80.719,88.5563,13.0,5881.421974999999,RacingBulls_1,6,Barcelona,48.957317073170735,False,1.3333333333333333,12.666666666666668,13.166666666666668,0
HAM,Mercedes,6.0,79.512,87.462296296,5.0,5895.009,Mercedes_1,6,Barcelona,48.957317073170735,False,-0.3333333333333333,7.25,5.916666666666666,0
LAT,Williams,20.0,81.915,89.176392857,16.0,5844.930944,Williams_2,6,Barcelona,48.957317073170735,False,-3.333333333333333,19.583333333333336,16.0,0
LEC,Ferrari,1.0,78.75,88.068125,20.0,,Ferrari_1,6,Barcelona,48.957317073170735,False,1.6666666666666667,1.1666666666666663,12.666666666666666,1
MAG,Haas,8.0,79.682,89.009571428,17.0,5853.130944,Haas_1,6,Barcelona,48.957317073170735,False,0.6666666666666666,9.166666666666668,14.333333333333332,0
MSC,Haas,10.0,80.368,89.083657142,14.0,5883.917975,Haas_2,6,Barcelona,48.957317073170735,False,1.0,11.5,14.0,0
NOR,McLaren,11.0,80.471,88.476888888,8.0,5923.71,McLaren_1,6,Barcelona,48.957317073170735,False,4.0,9.666666666666668,8.75,0
OCO,Alpine,12.0,80.638,88.458087719,7.0,5915.872,Alpine_2,6,Barcelona,48.957317073170735,False,-6.0,12.25,7.583333333333333,0
PER,RedBullRacing,5.0,79.42,87.571931034,2.0,5853.5470000000005,RedBullRacing_2,6,Barcelona,48.957317073170735,False,-2.0,4.5,3.6666666666666665,0
RIC,McLaren,9.0,80.287,88.801609756,12.0,5880.15194,McLaren_2,6,Barcelona,48.957317073170735,False,3.333333333333333,10.0,12.666666666666668,0
RUS,Mercedes,4.0,79.393,87.936719298,3.0,5873.402,Mercedes_2,6,Barcelona,48.957317073170735,False,-5.666666666666667,6.0,3.5,0
SAI,Ferrari,3.0,79.166,87.732142857,4.0,5885.683,Ferrari_2,6,Barcelona,48.957317073170735,False,1.0,4.0,3.5,0
STR,AstonMartin,18.0,81.418,88.726243902,15.0,5902.806,AstonMartin_1,6,Barcelona,48.957317073170735,False,-4.333333333333333,17.083333333333336,13.5,0
TSU,RacingBulls,13.0,80.639,88.5976,10.0,5851.11995,RacingBulls_2,6,Barcelona,48.957317073170735,False,-1.3333333333333333,13.75,10.2,0
VER,RedBullRacing,2.0,79.073,87.391271186,1.0,5840.475,RedBullRacing_1,6,Barcelona,48.957317073170735,False,4.666666666666667,2.166666666666667,3.9166666666666665,0
VET,AstonMartin,16.0,80.954,88.738641025,11.0,5867.09799,AstonMartin_2,6,Barcelona,48.957317073170735,False,1.3333333333333333,15.0,12.375,0
ZHO,KickSauber,15.0,80.476,89.5543,19.0,2575.570984,KickSauber_2,6,Barcelona,48.957317073170735,False,0.3333333333333333,14.833333333333332,16.666666666666668,0
ALB,Williams,16.0,73.611,78.875571428,18.0,4602.259392,Williams_1,7,Monaco,31.038367346938774,True,-6.333333333333333,16.57142857142857,15.642857142857142,0
ALO,Alpine,7.0,72.247,78.297956521,7.0,7036.6230000000005,Alpine_1,7,Monaco,31.038367346938774,True,-4.0,8.142857142857142,9.25,0
BOT,KickSauber,12.0,72.909,78.48525,9.0,7042.79,KickSauber_1,7,Monaco,31.038367346938774,True,-0.6666666666666666,10.142857142857142,8.5,0
GAS,RacingBulls,17.0,73.66,78.308454545,11.0,7044.554,RacingBulls_1,7,Monaco,31.038367346938774,True,1.6666666666666667,14.571428571428571,12.0,0
HAM,Mercedes,8.0,72.56,78.37290909,8.0,7040.653,Mercedes_1,7,Monaco,31.038367346938774,True,-0.3333333333333333,8.214285714285715,7.5,0
LAT,Williams,19.0,74.403,79.213473684,15.0,5797.910286,Williams_2,7,Monaco,31.038367346938774,True,-3.6666666666666665,19.07142857142857,15.428571428571429,0
LEC,Ferrari,1.0,71.376,77.7093,4.0,6993.187,Ferrari_1,7,Monaco,31.038367346938774,True,8.0,1.1428571428571428,4.571428571428571,0
MAG,Haas,13.0,72.921,,,,Haas_1,7,Monaco,31.038367346938774,True,4.666666666666667,11.857142857142858,11.857142857142858,1
MSC,Haas,15.0,73.081,,,,Haas_2,7,Monaco,31.038367346938774,True,3.0,14.142857142857142,14.142857142857142,1
NOR,McLaren,5.0,71.849,76.928296296,6.0,7002.496,McLaren_1,7,Monaco,31.038367346938774,True,2.6666666666666665,6.428571428571429,7.5,0
OCO,Alpine,10.0,72.528,78.399173913,12.0,7045.909000000001,Alpine_2,7,Monaco,31.038367346938774,True,-7.333333333333333,11.071428571428571,10.357142857142858,0
PER,RedBullRacing,3.0,71.629,77.731066666,1.0,6990.265,RedBullRacing_2,7,Monaco,31.038367346938774,True,-2.6666666666666665,3.428571428571429,2.857142857142857,0
RIC,McLaren,14.0,72.964,78.498217391,13.0,7047.900000000001,McLaren_2,7,Monaco,31.038367346938774,True,4.666666666666667,12.714285714285715,13.142857142857142,0
RUS,Mercedes,6.0,72.112,77.948633333,5.0,7002.233,Mercedes_2,7,Monaco,31.038367346938774,True,-5.0,6.857142857142858,4.571428571428571,0
SAI,Ferrari,2.0,71.601,77.733,2.0,6991.419000000001,Ferrari_2,7,Monaco,31.038367346938774,True,1.0,3.2857142857142856,2.4,0
STR,AstonMartin,18.0,73.678,78.625086956,14.0,7051.067,AstonMartin_1,7,Monaco,31.038367346938774,True,-2.6666666666666665,17.214285714285715,13.142857142857142,0
TSU,RacingBulls,11.0,72.797,78.543105263,17.0,5826.909627,RacingBulls_2,7,Monaco,31.038367346938774,True,-3.0,12.5,14.25,0
VER,RedBullRacing,4.0,71.666,77.710266666,3.0,6991.756,RedBullRacing_1,7,Monaco,31.038367346938774,True,-1.0,3.2857142857142856,4.642857142857142,0
VET,AstonMartin,9.0,72.613,78.38547826,10.0,7043.801,AstonMartin_2,7,Monaco,31.038367346938774,True,-0.6666666666666666,11.0,11.5,0
ZHO,KickSauber,20.0,75.606,79.2945,16.0,5804.10054,KickSauber_2,7,Monaco,31.038367346938774,True,2.6666666666666665,17.714285714285715,15.285714285714285,0
ALB,Williams,17.0,104.719,109.864534883,12.0,5611.54795,Williams_1,8,Baku,47.14968944099379,False,-2.6666666666666665,17.0625,12.5625,0
ALO,Alpine,10.0,103.173,109.60040909,7.0,5734.537,Alpine_1,8,Baku,47.14968944099379,False,-2.6666666666666665,9.6875,8.928571428571429,0
BOT,KickSauber,15.0,104.444,110.352,11.0,5572.76975,KickSauber_1,8,Baku,47.14968944099379,False,-0.6666666666666666,12.0625,9.6875,0
GAS,RacingBulls,6.0,102.845,109.632977777,5.0,5723.24,RacingBulls_1,8,Baku,47.14968944099379,False,1.3333333333333333,8.6875,8.5,0
HAM,Mercedes,7.0,102.924,109.313086956,4.0,5717.62,Mercedes_1,8,Baku,47.14968944099379,False,-0.3333333333333333,7.625,5.3125,0
LAT,Williams,18.0,105.367,111.119026315,15.0,5710.43465,Williams_2,8,Baku,47.14968944099379,False,-4.333333333333333,18.5,15.375,0
LEC,Ferrari,1.0,101.359,108.605058823,19.0,,Ferrari_1,8,Baku,47.14968944099379,False,7.666666666666667,1.125,12.9375,1
MAG,Haas,16.0,104.643,110.544464285,17.0,,Haas_1,8,Baku,47.14968944099379,False,4.5,13.6875,14.714285714285715,1
MSC,Haas,20.0,105.775,110.306414634,14.0,5653.8459,Haas_2,8,Baku,47.14968944099379,False,2.0,17.0625,14.0,0
NOR,McLaren,11.0,103.398,109.64425,9.0,5738.496999999999,McLaren_1,8,Baku,47.14968944099379,False,3.0,9.625,9.0,0
OCO,Alpine,13.0,103.585,110.246347826,10.0,5754.125,Alpine_2,8,Baku,47.14968944099379,False,-5.0,12.625,9.4375,0
PER,RedBullRacing,2.0,101.641,108.083545454,2.0,5666.764,RedBullRacing_2,8,Baku,47.14968944099379,False,-1.6666666666666667,2.8125,3.1875,0
RIC,McLaren,12.0,103.574,109.903304347,8.0,5738.148,McLaren_2,8,Baku,47.14968944099379,False,0.3333333333333333,11.75,10.3125,0
RUS,Mercedes,5.0,102.712,108.771933333,3.0,5691.936,Mercedes_2,8,Baku,47.14968944099379,False,-3.0,6.1875,3.5,0
SAI,Ferrari,4.0,101.814,109.155285714,20.0,,Ferrari_2,8,Baku,47.14968944099379,False,0.6666666666666666,4.25,12.833333333333334,1
STR,AstonMartin,19.0,105.371,110.668638888,16.0,5219.383836,AstonMartin_1,8,Baku,47.14968944099379,False,-2.333333333333333,17.875,14.375,0
TSU,RacingBulls,8.0,103.056,109.708568181,13.0,5615.7653,RacingBulls_2,8,Baku,47.14968944099379,False,2.0,10.625,12.357142857142858,0
VER,RedBullRacing,3.0,101.706,107.79875,1.0,5645.941,RedBullRacing_1,8,Baku,47.14968944099379,False,-1.3333333333333333,2.8125,3.3125,0
VET,AstonMartin,9.0,103.091,109.638955555,6.0,5730.04,AstonMartin_2,8,Baku,47.14968944099379,False,0.0,10.666666666666668,8.916666666666668,0
ZHO,KickSauber,14.0,103.777,110.477526315,18.0,,KickSauber_2,8,Baku,47.14968944099379,False,1.0,14.625,16.5,1
ALB,Williams,12.0,86.858,79.232428571,13.0,5826.65,Williams_1,9,Montréal,41.26111111111111,False,-1.3333333333333333,14.27777777777778,13.055555555555555,0
ALO,Alpine,2.0,81.944,78.489862068,9.0,5811.701999999999,Alpine_1,9,Montréal,41.26111111111111,False,-3.6666666666666665,5.277777777777778,9.8125,0
BOT,KickSauber,11.0,86.788,78.729206896,7.0,5807.004,KickSauber_1,9,Montréal,41.26111111111111,False,-2.6666666666666665,10.166666666666668,7.611111111111111,0
GAS,RacingBulls,16.0,94.492,79.008924528,14.0,5826.94,RacingBulls_1,9,Montréal,41.26111111111111,False,-2.6666666666666665,13.944444444444445,13.11111111111111,0
HAM,Mercedes,4.0,82.891,77.687898305,3.0,5788.763,Mercedes_1,9,Montréal,41.26111111111111,False,-1.3333333333333333,5.888888888888889,4.611111111111111,0
LAT,Williams,19.0,95.66,79.710612244,16.0,5841.735,Williams_2,9,Montréal,41.26111111111111,False,-3.6666666666666665,19.0,15.88888888888889,0
LEC,Ferrari,15.0,93.008,78.339491228,5.0,5796.924999999999,Ferrari_1,9,Montréal,41.26111111111111,False,13.333333333333334,8.88888888888889,5.833333333333334,0
MAG,Haas,5.0,82.96,79.410654545,17.0,5849.937,Haas_1,9,Montréal,41.26111111111111,False,5.0,7.833333333333333,15.0,0
MSC,Haas,6.0,83.356,79.507533333,19.0,,Haas_2,9,Montréal,41.26111111111111,False,-1.0,9.61111111111111,16.857142857142858,1
NOR,McLaren,14.0,94.066,79.147285714,15.0,5833.902,McLaren_1,9,Montréal,41.26111111111111,False,-1.3333333333333333,11.444444444444445,12.333333333333332,0
OCO,Alpine,7.0,83.529,78.504254237,6.0,5805.647,Alpine_2,9,Montréal,41.26111111111111,False,-2.0,9.333333333333332,7.277777777777778,0
PER,RedBullRacing,13.0,93.127,79.4226,20.0,,RedBullRacing_2,9,Montréal,41.26111111111111,False,-1.6666666666666667,8.833333333333334,13.055555555555555,1
RIC,McLaren,9.0,83.749,79.139034482,11.0,5824.803999999999,McLaren_2,9,Montréal,41.26111111111111,False,-0.6666666666666666,10.11111111111111,11.72222222222222,0
RUS,Mercedes,8.0,83.557,77.824051724,4.0,5794.07,Mercedes_2,9,Montréal,41.26111111111111,False,-1.3333333333333333,7.722222222222222,4.0,0
SAI,Ferrari,3.0,82.096,77.400016666,2.0,5782.75,Ferrari_2,9,Montréal,41.26111111111111,False,5.666666666666667,3.6666666666666665,3.571428571428572,0
STR,AstonMartin,18.0,95.532,79.076877192,10.0,5819.978999999999,AstonMartin_1,9,Montréal,41.26111111111111,False,-3.333333333333333,17.444444444444443,11.22222222222222,0
TSU,RacingBulls,20.0,96.575,79.26925,18.0,,RacingBulls_2,9,Montréal,41.26111111111111,False,2.6666666666666665,17.0,15.25,1
VER,RedBullRacing,1.0,81.299,77.336898305,1.0,5781.757,RedBullRacing_1,9,Montréal,41.26111111111111,False,-1.3333333333333333,1.7222222222222223,3.055555555555556,0
VET,AstonMartin,17.0,94.512,78.870074074,12.0,5826.002,AstonMartin_2,9,Montréal,41.26111111111111,False,-2.333333333333333,15.0,11.928571428571429,0
ZHO,KickSauber,10.0,84.03,78.816706896,8.0,5808.709,KickSauber_2,9,Montréal,41.26111111111111,False,1.3333333333333333,12.333333333333332,11.11111111111111,0
ALB,Williams,16.0,102.078,,,,Williams_1,10,Silverstone,30.02610837438424,True,-0.6666666666666666,16.25,16.25,1
ALO,Alpine,7.0,101.598,93.64325,5.0,8279.882,Alpine_1,10,Silverstone,30.02610837438424,True,1.3333333333333333,7.7,7.5,0
BOT,KickSauber,12.0,101.396,95.477466666,17.0,,KickSauber_1,10,Silverstone,30.02610837438424,True,-3.6666666666666665,10.8,13.05,1
GAS,RacingBulls,11.0,101.68,95.330190476,16.0,,RacingBulls_1,10,Silverstone,30.02610837438424,True,-3.0,11.4,14.3,1
HAM,Mercedes,5.0,100.428,92.674795454,3.0,8276.536,Mercedes_1,10,Silverstone,30.02610837438424,True,-1.3333333333333333,6.25,4.45,0
LAT,Williams,10.0,101.998,94.872380952,12.0,8302.822,Williams_2,10,Silverstone,30.02610837438424,True,-3.333333333333333,14.05,13.7,0
LEC,Ferrari,3.0,99.846,92.719590909,4.0,8278.857,Ferrari_1,10,Silverstone,30.02610837438424,True,3.6666666666666665,2.9,5.2,0
MAG,Haas,17.0,102.159,94.5915,10.0,8294.901,Haas_1,10,Silverstone,30.02610837438424,True,6.5,14.15,11.333333333333332,0
MSC,Haas,19.0,102.708,94.290581395,8.0,8289.306,Haas_2,10,Silverstone,30.02610837438424,True,3.5,16.4,10.9375,0
NOR,McLaren,6.0,101.515,93.675568181,6.0,8282.253999999999,McLaren_1,10,Silverstone,30.02610837438424,True,0.0,7.3,7.65,0
OCO,Alpine,15.0,101.73,94.860575757,15.0,,Alpine_2,10,Silverstone,30.02610837438424,True,-0.6666666666666666,13.5,12.1,1
PER,RedBullRacing,4.0,100.521,92.992045454,2.0,8274.09,RedBullRacing_2,10,Silverstone,30.02610837438424,True,1.6666666666666667,4.3,3.85,0
RIC,McLaren,14.0,101.933,94.5955,13.0,8303.127999999999,McLaren_2,10,Silverstone,30.02610837438424,True,-1.0,12.75,12.75,0
RUS,Mercedes,8.0,100.028,,,,Mercedes_2,10,Silverstone,30.02610837438424,True,-2.333333333333333,7.75,7.75,1
SAI,Ferrari,1.0,100.19,92.65775,1.0,8270.311,Ferrari_2,10,Silverstone,30.02610837438424,True,5.0,2.5,2.8125,0
STR,AstonMartin,20.0,103.43,94.599880952,11.0,8296.458,AstonMartin_1,10,Silverstone,30.02610837438424,True,-5.0,18.6,11.65,0
TSU,RacingBulls,13.0,101.893,95.22097619,14.0,8311.221,RacingBulls_2,10,Silverstone,30.02610837438424,True,3.0,13.45,13.333333333333332,0
VER,RedBullRacing,2.0,99.129,93.978790697,7.0,8289.088,RedBullRacing_1,10,Silverstone,30.02610837438424,True,-1.0,2.2,6.15,0
VET,AstonMartin,18.0,102.666,94.264395348,9.0,8292.667,AstonMartin_2,10,Silverstone,30.02610837438424,True,-2.333333333333333,15.8125,10.25,0
ZHO,KickSauber,9.0,100.791,,,,KickSauber_2,10,Silverstone,30.02610837438424,True,-0.6666666666666666,11.55,11.55,1
ALB,Williams,11.0,66.23,71.166877551,12.0,5088.88898,Williams_1,11,Spielberg,30.74671052631579,False,-2.0,13.5,12.5,0
ALO,Alpine,8.0,66.016,70.535558139,10.0,5082.73696,Alpine_1,11,Spielberg,30.74671052631579,False,0.6666666666666666,8.181818181818182,10.0,0
BOT,KickSauber,12.0,66.319,70.971235294,11.0,5084.28697,KickSauber_1,11,Spielberg,30.74671052631579,False,-1.0,10.90909090909091,10.136363636363637,0
GAS,RacingBulls,10.0,66.16,71.158897959,15.0,5097.71794,RacingBulls_1,11,Spielberg,30.74671052631579,False,0.6666666666666666,10.818181818181818,13.90909090909091,0
HAM,Mercedes,9.0,65.475,70.542065573,3.0,5105.529,Mercedes_1,11,Spielberg,30.74671052631579,False,-2.0,8.318181818181818,4.318181818181818,0
LAT,Williams,19.0,67.003,71.4855,19.0,3526.7019840000003,Williams_2,11,Spielberg,30.74671052631579,False,-1.3333333333333333,18.590909090909093,17.363636363636363,0
LEC,Ferrari,2.0,65.013,69.910365079,1.0,5064.312,Ferrari_1,11,Spielberg,30.74671052631579,False,3.0,2.363636363636364,3.4545454545454546,0
MAG,Haas,6.0,65.879,71.042471698,8.0,5075.92799,Haas_1,11,Spielberg,30.74671052631579,False,2.0,8.40909090909091,10.1,0
MSC,Haas,7.0,66.011,70.891283018,6.0,5069.61196,Haas_2,11,Spielberg,30.74671052631579,False,-1.3333333333333333,10.09090909090909,9.5,0
NOR,McLaren,15.0,66.33,70.929854545,7.0,5072.51899,McLaren_1,11,Spielberg,30.74671052631579,False,-0.3333333333333333,12.09090909090909,8.045454545454547,0
OCO,Alpine,5.0,65.726,71.01304918,5.0,5132.748,Alpine_2,11,Spielberg,30.74671052631579,False,-1.3333333333333333,8.181818181818182,6.909090909090909,0
PER,RedBullRacing,13.0,66.143,71.865333333,20.0,,RedBullRacing_2,11,Spielberg,30.74671052631579,False,1.6666666666666667,9.181818181818182,13.5,1
RIC,McLaren,16.0,66.613,71.1049,9.0,5080.656,McLaren_2,11,Spielberg,30.74671052631579,False,-1.0,13.954545454545451,10.59090909090909,0
RUS,Mercedes,4.0,65.431,70.677587301,4.0,5123.284,Mercedes_2,11,Spielberg,30.74671052631579,False,-3.0,5.590909090909091,4.0,0
SAI,Ferrari,3.0,65.066,70.356,18.0,,Ferrari_2,11,Spielberg,30.74671052631579,False,5.0,3.4545454545454546,12.055555555555555,1
STR,AstonMartin,17.0,66.847,70.987292682,13.0,5093.78898,AstonMartin_1,11,Spielberg,30.74671052631579,False,-6.666666666666667,17.090909090909093,12.681818181818182,0
TSU,RacingBulls,14.0,66.463,70.989194444,16.0,5104.45194,RacingBulls_2,11,Spielberg,30.74671052631579,False,1.3333333333333333,13.954545454545451,14.5,0
VER,RedBullRacing,1.0,64.984,69.981640625,2.0,5065.844,RedBullRacing_1,11,Spielberg,30.74671052631579,False,1.0,1.6363636363636365,3.5,0
VET,AstonMartin,20.0,67.083,70.923622222,17.0,5101.143950000001,AstonMartin_2,11,Spielberg,30.74671052631579,False,-5.666666666666667,17.166666666666668,14.555555555555555,0
ZHO,KickSauber,18.0,66.901,70.759880952,14.0,5095.51098,KickSauber_2,11,Spielberg,30.74671052631579,False,1.0,16.227272727272727,14.1,0
ALB,Williams,15.0,93.307,100.298191489,13.0,5470.677,Williams_1,12,Le Castellet,54.46171875,False,1.0,15.458333333333332,13.0,0
ALO,Alpine,7.0,92.552,99.51793617,6.0,5444.991,Alpine_1,12,Le Castellet,54.46171875,False,2.333333333333333,7.625,7.818181818181818,0
BOT,KickSauber,13.0,93.034,99.927906976,14.0,5478.778,KickSauber_1,12,Le Castellet,54.46171875,False,0.0,11.541666666666668,11.833333333333332,0
GAS,RacingBulls,16.0,93.439,100.275127659,12.0,5467.56,RacingBulls_1,12,Le Castellet,54.46171875,False,2.6666666666666665,14.0,12.375,0
HAM,Mercedes,4.0,91.765,98.6793125,2.0,5412.6990000000005,Mercedes_1,12,Le Castellet,54.46171875,False,-3.0,5.666666666666666,3.6666666666666665,0
LAT,Williams,20.0,93.794,100.611090909,17.0,,Williams_2,12,Le Castellet,54.46171875,False,-0.3333333333333333,19.166666666666664,16.416666666666668,1
LEC,Ferrari,1.0,90.872,98.8494375,19.0,,Ferrari_1,12,Le Castellet,54.46171875,False,-3.333333333333333,1.7916666666666667,13.0,1
MAG,Haas,10.0,92.649,100.218064516,18.0,,Haas_1,12,Le Castellet,54.46171875,False,2.333333333333333,10.375,15.363636363636363,1
MSC,Haas,19.0,93.701,100.154113636,15.0,5482.506,Haas_2,12,Le Castellet,54.46171875,False,0.3333333333333333,16.333333333333332,14.1,0
NOR,McLaren,5.0,92.032,99.795127659,7.0,5454.138,McLaren_1,12,Le Castellet,54.46171875,False,-2.333333333333333,6.916666666666667,7.958333333333333,0
OCO,Alpine,12.0,93.048,99.897851063,8.0,5459.071,Alpine_2,12,Le Castellet,54.46171875,False,-0.3333333333333333,11.708333333333332,8.375,0
PER,RedBullRacing,3.0,91.335,98.8029375,4.0,5419.4220000000005,RedBullRacing_2,12,Le Castellet,54.46171875,False,4.0,4.083333333333334,5.375,0
RIC,McLaren,11.0,92.922,100.084659574,9.0,5462.484,McLaren_2,12,Le Castellet,54.46171875,False,-2.0,11.416666666666668,10.458333333333332,0
RUS,Mercedes,6.0,92.131,98.857854166,3.0,5418.607,Mercedes_2,12,Le Castellet,54.46171875,False,-2.0,6.541666666666666,3.4545454545454546,0
SAI,Ferrari,9.0,91.081,98.653755555,5.0,5430.984,Ferrari_2,12,Le Castellet,54.46171875,False,4.666666666666667,6.666666666666666,5.5,0
STR,AstonMartin,17.0,93.439,100.085787234,10.0,5464.661,AstonMartin_1,12,Le Castellet,54.46171875,False,-7.0,17.083333333333336,11.083333333333332,0
TSU,RacingBulls,8.0,92.78,101.2485,20.0,1774.726985,RacingBulls_2,12,Le Castellet,54.46171875,False,0.3333333333333333,10.708333333333332,16.81818181818182,0
VER,RedBullRacing,2.0,91.176,98.280804347,1.0,5402.112,RedBullRacing_1,12,Le Castellet,54.46171875,False,2.0,2.125,2.833333333333333,0
VET,AstonMartin,14.0,93.276,100.117829787,11.0,5466.606,AstonMartin_2,12,Le Castellet,54.46171875,False,-5.666666666666667,14.15,11.5,0
ZHO,KickSauber,18.0,93.674,100.470108108,16.0,4911.064968000001,KickSauber_2,12,Le Castellet,54.46171875,False,-3.0,16.375,15.181818181818182,0
ALB,Williams,17.0,79.256,85.096581818,17.0,6042.785951999999,Williams_1,13,Budapest,26.720958083832333,True,-0.5,16.5,15.166666666666668,0
ALO,Alpine,6.0,77.904,85.130416666,8.0,5984.125947,Alpine_1,13,Budapest,26.720958083832333,True,-0.3333333333333333,7.038461538461538,8.75,0
BOT,KickSauber,8.0,78.157,85.265947368,20.0,,KickSauber_1,13,Budapest,26.720958083832333,True,1.6666666666666667,8.961538461538462,15.23076923076923,1
GAS,RacingBulls,19.0,79.527,85.009620689,12.0,6007.701936,RacingBulls_1,13,Budapest,26.720958083832333,True,2.0,15.76923076923077,12.346153846153848,0
HAM,Mercedes,7.0,78.035,83.74166129,2.0,5983.746,Mercedes_1,13,Budapest,26.720958083832333,True,-3.333333333333333,7.153846153846153,3.5384615384615383,0
LAT,Williams,20.0,79.57,85.271290909,18.0,6054.908976,Williams_2,13,Budapest,26.720958083832333,True,-0.3333333333333333,19.23076923076923,17.0,0
LEC,Ferrari,3.0,77.567,83.596639344,6.0,5991.959,Ferrari_1,13,Budapest,26.720958083832333,True,6.0,2.8076923076923075,6.461538461538462,0
MAG,Haas,13.0,78.825,85.206054545,16.0,6041.935941,Haas_1,13,Budapest,26.720958083832333,True,1.0,11.961538461538462,14.5,0
MSC,Haas,15.0,79.164,85.108701754,14.0,6013.413963,Haas_2,13,Budapest,26.720958083832333,True,-5.333333333333333,14.384615384615383,13.636363636363637,0
NOR,McLaren,4.0,77.769,84.35345614,7.0,6054.212,McLaren_1,13,Budapest,26.720958083832333,True,-2.0,6.230769230769231,7.884615384615385,0
OCO,Alpine,5.0,78.018,85.227,9.0,5986.999935,Alpine_2,13,Budapest,26.720958083832333,True,-1.3333333333333333,7.961538461538462,8.884615384615385,0
PER,RedBullRacing,11.0,78.516,83.764177419,5.0,5991.6,RedBullRacing_2,13,Budapest,26.720958083832333,True,2.0,8.307692307692307,5.807692307692308,0
RIC,McLaren,9.0,78.198,85.030087719,15.0,6012.348948,McLaren_2,13,Budapest,26.720958083832333,True,-3.333333333333333,10.307692307692308,13.576923076923077,0
RUS,Mercedes,1.0,77.377,83.847803278,3.0,5988.249000000001,Mercedes_2,13,Budapest,26.720958083832333,True,-1.5,3.807692307692308,3.416666666666667,0
SAI,Ferrari,2.0,77.421,83.929047619,4.0,5990.491,Ferrari_2,13,Budapest,26.720958083832333,True,3.6666666666666665,3.076923076923077,4.909090909090909,0
STR,AstonMartin,14.0,79.137,84.755578947,11.0,5994.7539480000005,AstonMartin_1,13,Budapest,26.720958083832333,True,-6.666666666666667,15.461538461538462,11.538461538461538,0
TSU,RacingBulls,16.0,79.24,85.37545098,19.0,6028.74094,RacingBulls_2,13,Budapest,26.720958083832333,True,5.0,14.807692307692308,16.541666666666668,0
VER,RedBullRacing,10.0,77.703,83.587196721,1.0,5975.912,RedBullRacing_1,13,Budapest,26.720958083832333,True,1.6666666666666667,6.423076923076923,2.6923076923076925,0
VET,AstonMartin,18.0,79.273,84.798135593,10.0,5987.142972000001,AstonMartin_2,13,Budapest,26.720958083832333,True,-5.0,16.31818181818182,10.90909090909091,0
ZHO,KickSauber,12.0,78.573,84.833945454,13.0,6013.126992,KickSauber_2,13,Budapest,26.720958083832333,True,-3.0,13.26923076923077,13.625,0
ALB,Williams,9.0,105.672,114.803861111,10.0,5254.794,Williams_1,14,Spa-Francorchamps,36.08397435897436,False,-0.3333333333333333,12.25,11.538461538461538,0
ALO,Alpine,6.0,105.368,114.149027777,5.0,5226.150000000001,Alpine_1,14,Spa-Francorchamps,36.08397435897436,False,1.0,6.964285714285714,7.076923076923077,0
BOT,KickSauber,20.0,107.866,,,,KickSauber_1,14,Spa-Francorchamps,36.08397435897436,False,4.0,15.321428571428571,15.321428571428571,1
GAS,RacingBulls,12.0,105.827,114.368441176,9.0,5245.075,RacingBulls_1,14,Spa-Francorchamps,36.08397435897436,False,-2.0,12.25,10.714285714285715,0
HAM,Mercedes,7.0,105.42,,,,Mercedes_1,14,Spa-Francorchamps,36.08397435897436,False,-4.333333333333333,7.142857142857142,7.142857142857142,1
LAT,Williams,17.0,106.401,114.9284,18.0,5009.658025,Williams_2,14,Spa-Francorchamps,36.08397435897436,False,-1.6666666666666667,17.67857142857143,17.07142857142857,0
LEC,Ferrari,4.0,104.551,113.913444444,6.0,5227.83,Ferrari_1,14,Spa-Francorchamps,36.08397435897436,False,6.666666666666667,3.357142857142857,6.428571428571429,0
MAG,Haas,18.0,106.557,114.938030303,16.0,5029.676417,Haas_1,14,Spa-Francorchamps,36.08397435897436,False,4.333333333333333,14.714285714285715,14.615384615384617,0
MSC,Haas,15.0,106.342,114.718166666,17.0,5037.76777,Haas_2,14,Spa-Francorchamps,36.08397435897436,False,-2.0,14.428571428571429,15.291666666666668,0
NOR,McLaren,10.0,105.603,114.861611111,12.0,5257.633,McLaren_1,14,Spa-Francorchamps,36.08397435897436,False,-1.0,9.285714285714285,10.5,0
OCO,Alpine,5.0,105.18,114.182361111,7.0,5228.534000000001,Alpine_2,14,Spa-Francorchamps,36.08397435897436,False,0.0,7.75,7.821428571428571,0
PER,RedBullRacing,3.0,104.462,112.932243243,2.0,5170.735000000001,RedBullRacing_2,14,Spa-Francorchamps,36.08397435897436,False,0.6666666666666666,4.214285714285714,4.142857142857142,0
RIC,McLaren,11.0,105.767,115.058277777,15.0,5260.057,McLaren_2,14,Spa-Francorchamps,36.08397435897436,False,-1.0,11.285714285714285,13.678571428571429,0
RUS,Mercedes,8.0,105.461,113.095916666,4.0,5182.034000000001,Mercedes_2,14,Spa-Francorchamps,36.08397435897436,False,-0.3333333333333333,7.357142857142858,3.9230769230769234,0
SAI,Ferrari,2.0,104.297,113.055027027,3.0,5179.780000000001,Ferrari_2,14,Spa-Francorchamps,36.08397435897436,False,4.333333333333333,3.0,4.291666666666666,0
STR,AstonMartin,14.0,106.256,114.809444444,11.0,5255.972000000001,AstonMartin_1,14,Spa-Francorchamps,36.08397435897436,False,-4.666666666666667,15.357142857142858,11.5,0
TSU,RacingBulls,19.0,106.692,114.639514285,13.0,5258.111,RacingBulls_2,14,Spa-Francorchamps,36.08397435897436,False,5.666666666666667,16.5,13.5,0
VER,RedBullRacing,1.0,103.665,112.38475,1.0,5152.894,RedBullRacing_1,14,Spa-Francorchamps,36.08397435897436,False,-3.0,1.8571428571428568,2.571428571428572,0
VET,AstonMartin,16.0,106.344,114.247666666,8.0,5231.001,AstonMartin_2,14,Spa-Francorchamps,36.08397435897436,False,-4.666666666666667,15.375,9.75,0
ZHO,KickSauber,13.0,106.085,114.831428571,14.0,5259.146000000001,KickSauber_2,14,Spa-Francorchamps,36.08397435897436,False,-1.6666666666666667,13.714285714285715,14.115384615384617,0
ALB,Williams,15.0,71.695,77.235436363,12.0,5833.1630000000005,Williams_1,15,Zandvoort,33.44601226993865,False,-0.3333333333333333,15.233333333333334,12.5,0
ALO,Alpine,13.0,71.613,76.650183333,6.0,5821.527,Alpine_1,15,Zandvoort,33.44601226993865,False,0.0,10.633333333333333,7.464285714285714,0
BOT,KickSauber,16.0,71.961,77.683461538,19.0,,KickSauber_1,15,Zandvoort,33.44601226993865,False,6.5,13.5,15.035714285714285,1
GAS,RacingBulls,11.0,71.512,76.977964285,11.0,5829.782,RacingBulls_1,15,Zandvoort,33.44601226993865,False,-4.666666666666667,11.7,11.666666666666668,0
HAM,Mercedes,4.0,70.648,76.039967213,4.0,5815.789,Mercedes_1,15,Zandvoort,33.44601226993865,False,-3.5,5.533333333333333,4.5,0
LAT,Williams,20.0,73.353,77.699119047,18.0,5770.373841,Williams_2,15,Zandvoort,33.44601226993865,False,-1.3333333333333333,19.23333333333333,17.133333333333333,0
LEC,Ferrari,2.0,70.363,76.119440677,3.0,5813.702,Ferrari_1,15,Zandvoort,33.44601226993865,False,7.666666666666667,2.333333333333333,4.8,0
MAG,Haas,18.0,72.319,77.093962264,15.0,5839.642,Haas_1,15,Zandvoort,33.44601226993865,False,3.0,14.933333333333334,14.178571428571429,0
MSC,Haas,8.0,71.42,77.142310344,13.0,5835.768,Haas_2,15,Zandvoort,33.44601226993865,False,-1.0,10.733333333333334,13.26923076923077,0
NOR,McLaren,7.0,71.116,76.687816666,7.0,5822.079,McLaren_1,15,Zandvoort,33.44601226993865,False,2.333333333333333,7.733333333333333,7.933333333333334,0
OCO,Alpine,12.0,71.605,76.965557377,9.0,5823.89,Alpine_2,15,Zandvoort,33.44601226993865,False,0.6666666666666666,11.3,8.833333333333332,0
PER,RedBullRacing,5.0,71.077,76.224862068,5.0,5820.941,RedBullRacing_2,15,Zandvoort,33.44601226993865,False,-2.0,5.2,5.6,0
RIC,McLaren,17.0,72.081,77.219527272,17.0,5840.537,McLaren_2,15,Zandvoort,33.44601226993865,False,2.6666666666666665,14.466666666666669,14.833333333333332,0
RUS,Mercedes,6.0,70.824,75.909129032,2.0,5806.844,Mercedes_2,15,Zandvoort,33.44601226993865,False,-1.6666666666666667,6.333333333333334,2.857142857142857,0
SAI,Ferrari,3.0,70.434,76.433322033,8.0,5823.689,Ferrari_2,15,Zandvoort,33.44601226993865,False,-0.3333333333333333,3.466666666666667,6.884615384615385,0
STR,AstonMartin,10.0,71.416,76.71259322,10.0,5825.232,AstonMartin_1,15,Zandvoort,33.44601226993865,False,-4.333333333333333,13.133333333333333,10.933333333333334,0
TSU,RacingBulls,9.0,71.427,77.665194444,20.0,3377.985787,RacingBulls_2,15,Zandvoort,33.44601226993865,False,3.0,11.333333333333332,17.214285714285715,0
VER,RedBullRacing,1.0,70.342,75.69209836,1.0,5802.773,RedBullRacing_1,15,Zandvoort,33.44601226993865,False,-3.333333333333333,1.8,2.466666666666667,0
VET,AstonMartin,19.0,72.391,77.139351851,14.0,5838.78,AstonMartin_2,15,Zandvoort,33.44601226993865,False,-6.333333333333333,17.03846153846154,12.846153846153848,0
ZHO,KickSauber,14.0,71.704,77.32710909,16.0,5840.093,KickSauber_2,15,Zandvoort,33.44601226993865,False,0.0,14.2,15.178571428571429,0
ALO,Alpine,10.0,81.861,87.701607142,19.0,,Alpine_1,16,Monza,43.13877551020408,False,-2.0,9.1875,14.3,1
BOT,KickSauber,12.0,82.235,87.526928571,13.0,4827.927988,KickSauber_1,16,Monza,43.13877551020408,False,7.5,11.53125,12.1,0
DEV,Williams,13.0,82.471,87.383325581,9.0,4834.633000000001,Williams_1,16,Monza,43.13877551020408,False,0.0,13.0,9.0,0
GAS,RacingBulls,9.0,82.01,87.40344186,8.0,4833.907,RacingBulls_1,16,Monza,43.13877551020408,False,-3.333333333333333,10.59375,10.03125,0
HAM,Mercedes,5.0,81.524,86.669214285,5.0,4832.8910000000005,Mercedes_1,16,Monza,43.13877551020408,False,-2.5,5.96875,5.0,0
LAT,Williams,16.0,82.587,87.604268292,15.0,4830.302984,Williams_2,16,Monza,43.13877551020408,False,-1.0,17.15625,15.59375,0
LEC,Ferrari,1.0,80.161,85.453767441,2.0,4829.957,Ferrari_1,16,Monza,43.13877551020408,False,2.0,1.78125,4.15625,0
MAG,Haas,19.0,82.908,87.892780487,16.0,4832.156992,Haas_1,16,Monza,43.13877551020408,False,-0.6666666666666666,15.65625,14.766666666666666,0
MSC,Haas,20.0,83.005,87.391682926,12.0,4836.06,Haas_2,16,Monza,43.13877551020408,False,2.0,16.9375,12.714285714285715,0
NOR,McLaren,7.0,81.584,86.816604651,7.0,4833.718000000001,McLaren_1,16,Monza,43.13877551020408,False,1.6666666666666667,7.6875,7.875,0
OCO,Alpine,11.0,82.13,87.376690476,11.0,4835.834000000001,Alpine_2,16,Monza,43.13877551020408,False,1.0,10.8125,9.90625,0
PER,RedBullRacing,4.0,81.206,86.384925,6.0,4833.602000000001,RedBullRacing_2,16,Monza,43.13877551020408,False,-2.333333333333333,4.65625,6.09375,0
RIC,McLaren,8.0,81.855,87.337390243,17.0,,McLaren_2,16,Monza,43.13877551020408,False,3.333333333333333,9.84375,14.96875,1
RUS,Mercedes,6.0,81.542,86.262022727,3.0,4830.916,Mercedes_2,16,Monza,43.13877551020408,False,-2.0,6.3125,3.333333333333333,0
SAI,Ferrari,3.0,80.429,86.244093023,4.0,4832.572,Ferrari_2,16,Monza,43.13877551020408,False,2.6666666666666665,3.4375,4.821428571428571,0
STR,AstonMartin,18.0,82.748,87.937617647,18.0,,AstonMartin_1,16,Monza,43.13877551020408,False,-2.0,17.1875,15.125,1
TSU,RacingBulls,15.0,82.02,87.472714285,14.0,4828.870956,RacingBulls_2,16,Monza,43.13877551020408,False,2.6666666666666665,14.375,14.2,0
VER,RedBullRacing,2.0,80.306,85.551954545,1.0,4827.511,RedBullRacing_1,16,Monza,43.13877551020408,False,-3.0,2.28125,2.375,0
VET,AstonMartin,17.0,82.636,88.191888888,20.0,,AstonMartin_2,16,Monza,43.13877551020408,False,-7.0,16.107142857142858,16.142857142857142,1
ZHO,KickSauber,14.0,82.003,87.325023809,10.0,4835.421,KickSauber_2,16,Monza,43.13877551020408,False,1.3333333333333333,14.1875,12.033333333333331,0
ALB,Williams,19.0,116.985,,,,Williams_1,17,Marina Bay,28.973333333333333,True,-0.6666666666666666,17.34375,17.34375,1
ALO,Alpine,5.0,109.966,,,,Alpine_1,17,Marina Bay,28.973333333333333,True,0.3333333333333333,6.588235294117647,6.588235294117647,1
BOT,KickSauber,16.0,116.083,112.863083333,11.0,7429.082,KickSauber_1,17,Marina Bay,28.973333333333333,True,2.0,13.676470588235292,11.09375,0
GAS,RacingBulls,7.0,111.211,111.967307692,10.0,7409.814,RacingBulls_1,17,Marina Bay,28.973333333333333,True,-1.3333333333333333,9.441176470588236,10.970588235294118,0
HAM,Mercedes,3.0,109.466,111.538153846,9.0,7401.753000000001,Mercedes_1,17,Marina Bay,28.973333333333333,True,0.0,4.852941176470589,7.125,0
LAT,Williams,20.0,117.532,,,,Williams_2,17,Marina Bay,28.973333333333333,True,-0.6666666666666666,19.20588235294117,19.20588235294117,1
LEC,Ferrari,1.0,109.412,110.25468421,2.0,7342.833,Ferrari_1,17,Marina Bay,28.973333333333333,True,1.3333333333333333,1.7352941176470589,4.029411764705882,0
MAG,Haas,9.0,111.573,112.882833333,12.0,7432.848,Haas_1,17,Marina Bay,28.973333333333333,True,-2.6666666666666665,10.558823529411764,12.71875,0
MSC,Haas,13.0,114.37,111.744636363,13.0,7132.12544,Haas_2,17,Marina Bay,28.973333333333333,True,-0.3333333333333333,13.411764705882351,13.2,0
NOR,McLaren,6.0,110.584,110.763222222,4.0,7361.371,McLaren_1,17,Marina Bay,28.973333333333333,True,0.6666666666666666,7.117647058823529,6.235294117647059,0
OCO,Alpine,18.0,116.337,,,,Alpine_2,17,Marina Bay,28.973333333333333,True,-0.3333333333333333,14.529411764705882,14.529411764705882,1
PER,RedBullRacing,2.0,109.434,109.911052631,1.0,7340.238,RedBullRacing_2,17,Marina Bay,28.973333333333333,True,0.3333333333333333,3.5588235294117645,3.4411764705882355,0
RIC,McLaren,17.0,116.226,111.885466666,5.0,7393.52,McLaren_2,17,Marina Bay,28.973333333333333,True,4.333333333333333,14.5,8.735294117647058,0
RUS,Mercedes,11.0,114.012,110.712375,14.0,7114.213833,Mercedes_2,17,Marina Bay,28.973333333333333,True,-3.6666666666666665,8.941176470588236,9.15625,0
SAI,Ferrari,4.0,109.583,110.02917647,3.0,7350.543000000001,Ferrari_2,17,Marina Bay,28.973333333333333,True,2.333333333333333,3.941176470588236,4.233333333333333,0
STR,AstonMartin,12.0,114.211,111.495071428,6.0,7396.568,AstonMartin_1,17,Marina Bay,28.973333333333333,True,-1.0,14.058823529411764,8.941176470588236,0
TSU,RacingBulls,10.0,111.983,,,,RacingBulls_2,17,Marina Bay,28.973333333333333,True,1.3333333333333333,11.764705882352942,11.764705882352942,1
VER,RedBullRacing,8.0,111.395,110.731777777,7.0,7399.063,RedBullRacing_1,17,Marina Bay,28.973333333333333,True,-0.3333333333333333,5.441176470588236,5.470588235294118,0
VET,AstonMartin,14.0,114.38,111.675,8.0,7400.27,AstonMartin_2,17,Marina Bay,28.973333333333333,True,-3.333333333333333,14.566666666666666,10.0,0
ZHO,KickSauber,15.0,115.375,,,,KickSauber_2,17,Marina Bay,28.973333333333333,True,-0.3333333333333333,14.705882352941178,14.705882352941178,1
ALB,Williams,16.0,91.311,,,,Williams_1,18,Suzuka,19.93058823529412,True,-1.0,15.852941176470589,15.852941176470589,1
ALO,Alpine,7.0,90.322,107.714,7.0,10950.373,Alpine_1,18,Suzuka,19.93058823529412,True,1.0,7.555555555555555,8.21875,0
BOT,KickSauber,12.0,90.709,110.1455,15.0,10990.5,KickSauber_1,18,Suzuka,19.93058823529412,True,-0.3333333333333333,11.694444444444445,13.205882352941178,0
GAS,RacingBulls,17.0,91.322,108.988055555,18.0,11012.095,RacingBulls_1,18,Suzuka,19.93058823529412,True,0.6666666666666666,14.583333333333332,15.13888888888889,0
HAM,Mercedes,6.0,90.261,108.5168,5.0,10944.33,Mercedes_1,18,Suzuka,19.93058823529412,True,2.0,6.333333333333334,5.117647058823529,0
LAT,Williams,20.0,91.511,109.77890909,9.0,10974.147,Williams_2,18,Suzuka,19.93058823529412,True,-1.5,19.25,12.382352941176473,0
LEC,Ferrari,2.0,89.314,108.405571428,3.0,10935.767000000002,Ferrari_1,18,Suzuka,19.93058823529412,True,1.0,2.2222222222222223,4.444444444444445,0
MAG,Haas,18.0,91.352,110.071157894,14.0,10990.02,Haas_1,18,Suzuka,19.93058823529412,True,-1.0,15.22222222222222,13.735294117647058,0
MSC,Haas,15.0,91.152,109.196615384,17.0,10996.527,Haas_2,18,Suzuka,19.93058823529412,True,-1.0,14.444444444444445,15.3125,0
NOR,McLaren,10.0,90.473,109.708857142,10.0,10974.786,McLaren_1,18,Suzuka,19.93058823529412,True,-0.6666666666666666,9.166666666666668,9.27777777777778,0
OCO,Alpine,5.0,90.165,108.57515,4.0,10943.689,Alpine_2,18,Suzuka,19.93058823529412,True,-1.5,7.861111111111111,6.264705882352941,0
PER,RedBullRacing,4.0,89.709,108.0656,2.0,10931.070000000002,RedBullRacing_2,18,Suzuka,19.93058823529412,True,0.3333333333333333,4.527777777777778,3.8333333333333335,0
RIC,McLaren,11.0,90.659,109.472947368,11.0,10976.881,McLaren_2,18,Suzuka,19.93058823529412,True,-1.0,11.47222222222222,11.694444444444445,0
RUS,Mercedes,8.0,90.389,108.4247,8.0,10951.665,Mercedes_2,18,Suzuka,19.93058823529412,True,-1.3333333333333333,7.472222222222222,6.264705882352941,0
SAI,Ferrari,3.0,89.361,,,,Ferrari_2,18,Suzuka,19.93058823529412,True,1.6666666666666667,3.416666666666667,3.416666666666667,1
STR,AstonMartin,19.0,91.419,108.588388888,12.0,10977.908,AstonMartin_1,18,Suzuka,19.93058823529412,True,-2.0,17.63888888888889,11.944444444444445,0
TSU,RacingBulls,13.0,90.808,108.691611111,13.0,10979.603,RacingBulls_2,18,Suzuka,19.93058823529412,True,5.0,13.25,13.65625,0
VER,RedBullRacing,1.0,89.304,107.249857142,1.0,10904.004,RedBullRacing_1,18,Suzuka,19.93058823529412,True,-0.6666666666666666,1.8888888888888888,2.388888888888889,0
VET,AstonMartin,9.0,90.554,108.804227272,6.0,10950.362,AstonMartin_2,18,Suzuka,19.93058823529412,True,-2.6666666666666665,11.875,8.8125,0
ZHO,KickSauber,14.0,90.894,108.5115625,16.0,10991.047,KickSauber_2,18,Suzuka,19.93058823529412,True,-1.0,14.194444444444445,15.09375,0
ALB,Williams,11.0,96.368,103.878068181,13.0,6211.744,Williams_1,19,Austin,35.523529411764706,False,-3.0,13.22222222222222,13.0,0
ALO,Alpine,9.0,95.876,103.51993617,7.0,6186.765,Alpine_1,19,Austin,35.523529411764706,False,4.5,8.578947368421051,8.147058823529413,0
BOT,KickSauber,10.0,96.319,104.218285714,19.0,1692.302992,KickSauber_1,19,Austin,35.523529411764706,False,-0.3333333333333333,10.657894736842106,15.416666666666668,0
GAS,RacingBulls,13.0,96.577,103.230795454,14.0,6213.45,RacingBulls_1,19,Austin,35.523529411764706,False,1.0,12.605263157894736,13.18421052631579,0
HAM,Mercedes,5.0,94.947,101.609347826,2.0,6136.71,Mercedes_1,19,Austin,35.523529411764706,False,1.6666666666666667,5.789473684210526,3.5277777777777777,0
LAT,Williams,20.0,97.244,104.399534883,17.0,6235.275,Williams_2,19,Austin,35.523529411764706,False,-6.0,19.289473684210527,16.416666666666668,0
LEC,Ferrari,2.0,94.421,101.88723913,3.0,6139.188,Ferrari_1,19,Austin,35.523529411764706,False,1.0,2.210526315789473,4.368421052631579,0
MAG,Haas,16.0,96.949,103.870666666,9.0,6197.521,Haas_1,19,Austin,35.523529411764706,False,-1.3333333333333333,14.31578947368421,11.11111111111111,0
MSC,Haas,19.0,97.111,103.645558139,15.0,6216.177,Haas_2,19,Austin,35.523529411764706,False,-2.0,16.57894736842105,14.352941176470589,0
NOR,McLaren,8.0,95.69,103.0908,6.0,6185.472,McLaren_1,19,Austin,35.523529411764706,False,-0.6666666666666666,8.157894736842106,7.2105263157894735,0
OCO,Alpine,18.0,97.068,103.552333333,11.0,6204.562,Alpine_2,19,Austin,35.523529411764706,False,-0.5,14.552631578947368,9.833333333333332,0
PER,RedBullRacing,4.0,94.645,101.701377777,4.0,6139.98,RedBullRacing_2,19,Austin,35.523529411764706,False,-0.3333333333333333,4.5,4.789473684210526,0
RIC,McLaren,17.0,97.046,103.91615909,16.0,6222.174,McLaren_2,19,Austin,35.523529411764706,False,-1.0,14.605263157894736,14.289473684210527,0
RUS,Mercedes,6.0,94.988,102.092377777,5.0,6176.502,Mercedes_2,19,Austin,35.523529411764706,False,0.0,6.447368421052632,4.777777777777778,0
SAI,Ferrari,1.0,94.356,,,,Ferrari_2,19,Austin,35.523529411764706,False,0.0,2.3421052631578947,2.3421052631578947,1
STR,AstonMartin,7.0,95.598,103.911933333,18.0,,AstonMartin_1,19,Austin,35.523529411764706,False,-4.333333333333333,11.394736842105264,15.105263157894736,1
TSU,RacingBulls,15.0,96.808,103.442488888,10.0,6202.606,RacingBulls_2,19,Austin,35.523529411764706,False,-0.5,14.289473684210527,12.029411764705882,0
VER,RedBullRacing,3.0,94.448,101.220760869,1.0,6131.687,RedBullRacing_1,19,Austin,35.523529411764706,False,-0.6666666666666666,2.894736842105263,2.3157894736842106,0
VET,AstonMartin,12.0,96.398,102.928652173,8.0,6197.041,AstonMartin_2,19,Austin,35.523529411764706,False,-2.0,13.294117647058822,9.705882352941178,0
ZHO,KickSauber,14.0,96.656,103.8978,12.0,6207.851,KickSauber_2,19,Austin,35.523529411764706,False,-1.0,14.18421052631579,13.029411764705882,0
ALB,Williams,19.0,80.859,84.28352459,12.0,5961.63197,Williams_1,20,Mexico City,41.68909090909092,False,2.0,17.315789473684212,12.46875,0
ALO,Alpine,9.0,78.939,84.301298245,19.0,,Alpine_1,20,Mexico City,41.68909090909092,False,-1.0,8.6,14.416666666666668,1
BOT,KickSauber,6.0,78.401,84.34315873,10.0,5959.107980000001,KickSauber_1,20,Mexico City,41.68909090909092,False,2.333333333333333,8.525,10.86842105263158,0
GAS,RacingBulls,14.0,79.672,84.166266666,11.0,5959.73294,RacingBulls_1,20,Mexico City,41.68909090909092,False,1.6666666666666667,13.15,11.65,0
HAM,Mercedes,3.0,78.084,82.921196969,2.0,5931.915,Mercedes_1,20,Mexico City,41.68909090909092,False,0.6666666666666666,4.7,3.4473684210526314,0
LAT,Williams,20.0,81.167,85.066043478,18.0,5971.651989,Williams_2,20,Mexico City,41.68909090909092,False,-7.0,19.325,16.973684210526315,0
LEC,Ferrari,7.0,78.555,83.621712121,6.0,5985.503000000001,Ferrari_1,20,Mexico City,41.68909090909092,False,1.0,4.825,5.875,0
MAG,Haas,15.0,79.833,84.550711538,17.0,5997.145,Haas_1,20,Mexico City,41.68909090909092,False,-2.6666666666666665,13.875,15.210526315789473,0
MSC,Haas,16.0,80.419,84.400434782,16.0,5995.61298,Haas_2,20,Mexico City,41.68909090909092,False,-0.6666666666666666,15.125,14.916666666666668,0
NOR,McLaren,8.0,78.721,84.366234375,9.0,5955.722989999999,McLaren_1,20,Mexico City,41.68909090909092,False,-1.3333333333333333,8.15,8.725,0
OCO,Alpine,10.0,79.01,84.281428571,8.0,5951.45796,Alpine_2,20,Mexico City,41.68909090909092,False,-4.0,10.525,8.31578947368421,0
PER,RedBullRacing,4.0,78.128,82.929378787,3.0,5934.826,RedBullRacing_2,20,Mexico City,41.68909090909092,False,-1.0,4.475,4.225,0
RIC,McLaren,11.0,79.325,84.098274193,7.0,5939.26599,McLaren_2,20,Mexico City,41.68909090909092,False,-4.333333333333333,11.575,9.65,0
RUS,Mercedes,2.0,78.079,82.9730625,4.0,5966.16,Mercedes_2,20,Mexico City,41.68909090909092,False,0.6666666666666666,4.325,4.2631578947368425,0
SAI,Ferrari,5.0,78.351,83.493194029,5.0,5974.852,Ferrari_2,20,Mexico City,41.68909090909092,False,-1.0,4.375,5.21875,0
STR,AstonMartin,18.0,80.52,84.223448275,15.0,5986.68196,AstonMartin_1,20,Mexico City,41.68909090909092,False,-0.6666666666666666,16.95,13.675,0
TSU,RacingBulls,13.0,79.589,84.524288888,20.0,,RacingBulls_2,20,Mexico City,41.68909090909092,False,-2.5,13.275,17.194444444444443,1
VER,RedBullRacing,1.0,77.775,82.785283582,1.0,5916.729,RedBullRacing_1,20,Mexico City,41.68909090909092,False,-1.0,1.85,2.25,0
VET,AstonMartin,17.0,80.419,84.47998305,14.0,5976.226970000001,AstonMartin_2,20,Mexico City,41.68909090909092,False,-4.333333333333333,15.86111111111111,12.77777777777778,0
ZHO,KickSauber,12.0,79.476,84.56415873,13.0,5972.760990000001,KickSauber_2,20,Mexico City,41.68909090909092,False,0.0,13.125,13.5,0
ALB,Williams,11.0,71.631,77.490788461,15.0,5950.06,Williams_1,21,São Paulo,46.04910179640718,False,-2.5,13.2,14.029411764705882,0
ALO,Alpine,7.0,71.394,76.233557692,5.0,5923.605,Alpine_1,21,São Paulo,46.04910179640718,False,2.6666666666666665,7.571428571428571,7.2894736842105265,0
BOT,KickSauber,18.0,75.486,76.741596153,9.0,5936.596,KickSauber_1,21,São Paulo,46.04910179640718,False,5.333333333333333,14.69047619047619,10.3,0
GAS,RacingBulls,12.0,71.675,77.011037735,14.0,5945.911,RacingBulls_1,21,São Paulo,46.04910179640718,False,-0.3333333333333333,12.142857142857142,13.19047619047619,0
HAM,Mercedes,8.0,71.539,75.718641509,2.0,5915.573,Mercedes_1,21,São Paulo,46.04910179640718,False,-1.6666666666666667,7.238095238095238,3.375,0
LAT,Williams,16.0,75.095,77.3702,16.0,5951.081999999999,Williams_2,21,São Paulo,46.04910179640718,False,-5.333333333333333,17.261904761904763,15.975,0
LEC,Ferrari,10.0,70.95,75.913137254,4.0,5922.485,Ferrari_1,21,São Paulo,46.04910179640718,False,0.3333333333333333,6.5,4.833333333333334,0
MAG,Haas,1.0,71.41,,,,Haas_1,21,São Paulo,46.04910179640718,False,-3.0,6.595238095238095,6.595238095238095,1
MSC,Haas,20.0,76.361,77.147961538,13.0,5943.943,Haas_2,21,São Paulo,46.04910179640718,False,-0.6666666666666666,17.261904761904763,13.394736842105264,0
NOR,McLaren,4.0,71.377,77.2859,18.0,,McLaren_1,21,São Paulo,46.04910179640718,False,-0.3333333333333333,6.047619047619048,13.452380952380953,1
OCO,Alpine,6.0,71.587,76.701115384,8.0,5932.734,Alpine_2,21,São Paulo,46.04910179640718,False,-3.333333333333333,8.404761904761905,8.3,0
PER,RedBullRacing,9.0,71.456,76.112314814,7.0,5928.124,RedBullRacing_2,21,São Paulo,46.04910179640718,False,-1.0,7.071428571428571,6.261904761904762,0
RIC,McLaren,14.0,72.14,,,,McLaren_2,21,São Paulo,46.04910179640718,False,-1.6666666666666667,13.11904761904762,13.11904761904762,1
RUS,Mercedes,3.0,71.318,75.676574074,1.0,5914.044,Mercedes_2,21,São Paulo,46.04910179640718,False,0.3333333333333333,4.738095238095238,2.675,0
SAI,Ferrari,5.0,70.89,75.753962962,3.0,5918.095,Ferrari_2,21,São Paulo,46.04910179640718,False,0.0,4.404761904761905,4.147058823529411,0
STR,AstonMartin,15.0,72.21,77.086692307,10.0,5937.596,AstonMartin_1,21,São Paulo,46.04910179640718,False,0.3333333333333333,15.428571428571429,11.11904761904762,0
TSU,RacingBulls,19.0,76.264,77.23564,17.0,5946.34495,RacingBulls_2,21,São Paulo,46.04910179640718,False,0.6666666666666666,16.404761904761905,15.763157894736842,0
VER,RedBullRacing,2.0,70.881,75.991803921,6.0,5924.099999999999,RedBullRacing_1,21,São Paulo,46.04910179640718,False,-0.6666666666666666,2.333333333333333,4.809523809523809,0
VET,AstonMartin,13.0,71.678,76.917773584,11.0,5940.227,AstonMartin_2,21,São Paulo,46.04910179640718,False,-3.333333333333333,13.81578947368421,11.263157894736842,0
ZHO,KickSauber,17.0,75.197,77.112403846,12.0,5943.369,KickSauber_2,21,São Paulo,46.04910179640718,False,0.3333333333333333,15.69047619047619,12.947368421052632,0
ALB,Williams,19.0,86.028,91.75125,13.0,5285.843985,Williams_1,22,Yas Island,34.31032258064516,False,-0.3333333333333333,17.285714285714285,13.02777777777778,0
ALO,Alpine,11.0,85.096,92.075708333,20.0,2513.554983,Alpine_1,22,Yas Island,34.31032258064516,False,2.0,9.636363636363637,15.05,0
BOT,KickSauber,18.0,85.892,92.234773584,15.0,5295.616977000001,KickSauber_1,22,Yas Island,34.31032258064516,False,1.3333333333333333,14.84090909090909,13.38095238095238,0
GAS,RacingBulls,17.0,85.859,92.112490566,14.0,5286.462947999999,RacingBulls_1,22,Yas Island,34.31032258064516,False,0.0,14.75,13.227272727272728,0
HAM,Mercedes,5.0,84.508,90.764980392,18.0,,Mercedes_1,22,Yas Island,34.31032258064516,False,-3.333333333333333,5.704545454545455,11.69047619047619,1
LAT,Williams,20.0,86.054,92.239042553,19.0,,Williams_2,22,Yas Island,34.31032258064516,False,-1.6666666666666667,19.295454545454547,17.547619047619047,1
LEC,Ferrari,3.0,84.092,90.587438596,2.0,5274.685,Ferrari_1,22,Yas Island,34.31032258064516,False,-2.0,3.0,3.75,0
MAG,Haas,16.0,85.834,92.641711538,17.0,5316.641997000001,Haas_1,22,Yas Island,34.31032258064516,False,-2.5,14.181818181818182,15.3,0
MSC,Haas,13.0,85.225,92.010392156,16.0,5304.983958000001,Haas_2,22,Yas Island,34.31032258064516,False,-3.6666666666666665,13.727272727272728,14.95,0
NOR,McLaren,7.0,84.769,90.993218181,6.0,5322.148,McLaren_1,22,Yas Island,34.31032258064516,False,4.333333333333333,7.522727272727272,7.386363636363637,0
OCO,Alpine,8.0,84.83,90.915981481,7.0,5323.154,Alpine_2,22,Yas Island,34.31032258064516,False,-2.333333333333333,9.34090909090909,7.761904761904762,0
PER,RedBullRacing,2.0,84.052,90.257196428,3.0,5276.007,RedBullRacing_2,22,Yas Island,34.31032258064516,False,-1.0,3.5,4.204545454545455,0
RIC,McLaren,10.0,85.045,91.664890909,9.0,5349.182,McLaren_2,22,Yas Island,34.31032258064516,False,-2.5,11.068181818181818,10.571428571428571,0
RUS,Mercedes,6.0,84.511,90.497145454,5.0,5301.802,Mercedes_2,22,Yas Island,34.31032258064516,False,-0.3333333333333333,6.227272727272727,4.690476190476191,0
SAI,Ferrari,4.0,84.242,90.451836363,4.0,5290.806,Ferrari_2,22,Yas Island,34.31032258064516,False,-1.0,3.909090909090909,4.611111111111111,0
STR,AstonMartin,14.0,85.359,91.251555555,8.0,5342.844999999999,AstonMartin_1,22,Yas Island,34.31032258064516,False,1.0,14.886363636363637,10.022727272727272,0
TSU,RacingBulls,12.0,85.219,91.441888888,11.0,5355.285,RacingBulls_2,22,Yas Island,34.31032258064516,False,0.0,12.863636363636363,12.675,0
VER,RedBullRacing,1.0,83.824,90.433631578,1.0,5265.914,RedBullRacing_1,22,Yas Island,34.31032258064516,False,0.6666666666666666,1.7954545454545454,2.25,0
VET,AstonMartin,9.0,84.961,91.697818181,10.0,5349.812,AstonMartin_2,22,Yas Island,34.31032258064516,False,-3.0,11.675,10.725,0
ZHO,KickSauber,15.0,85.408,91.718326923,12.0,5284.963962,KickSauber_2,22,Yas Island,34.31032258064516,False,-2.0,14.704545454545451,12.9,0
